ID,File
N0,lang/__init__.py
N1,lang/en.py
N2,lang/ja.py
N3,logs/__init__.py
N4,logs/context_builder.py
N5,logs/context_types.py
N6,logs/display_formatter.py
N7,logs/error_response_dict.py
N8,logs/examples/__init__.py
N9,logs/examples/test_run_logger.py
N10,logs/language_selector.py
N11,logs/log_app.py
N12,logs/log_config.py
N13,logs/log_multi_select.py
N14,logs/log_paths.py
N15,logs/log_searcher.py
N16,logs/log_storage.py
N17,logs/log_types.py
N18,logs/log_validator.py
N19,logs/log_viewer.py
N20,logs/multi_info_logger.py
N21,logs/openai_key_store.py
N22,logs/query_error_bridge.py
N23,logs/search_ast.py
N24,logs/search_matcher.py
N25,logs/search_models.py
N26,logs/search_similarity.py
N27,logs/search_text_analysis.py
N28,logs/search_text_preprocessor.py
N29,logs/system_monitor.py
N30,logs/tester/test_log_viewer_search_methods.py
N31,logs/tester/test_search_textbox_queries.py
N32,logs/time_utils.py
N33,logs/traceql_bridge.py
N34,logs/tzinfo_formatter.py
N35,logs/update_tzdata.py
N36,query_engine/__init__.py
N37,query_engine/adapters/__init__.py
N38,query_engine/adapters/base.py
N39,query_engine/adapters/documents.py
N40,query_engine/adapters/extractors.py
N41,query_engine/adapters/json_adapter.py
N42,query_engine/adapters/logs.py
N43,query_engine/adapters/sqlite_adapter.py
N44,query_engine/adapters/tabular.py
N45,query_engine/adapters/text_table_adapter.py
N46,query_engine/ast.py
N47,query_engine/dict_evaluator.py
N48,query_engine/documents.py
N49,query_engine/evaluators/__init__.py
N50,query_engine/evaluators/memory.py
N51,query_engine/evaluators/sql.py
N52,query_engine/grammar.py
N53,query_engine/matcher.py
N54,query_engine/models.py
N55,query_engine/parser.py
N56,query_engine/reserved_words.py
N57,query_engine/similarity.py
N58,query_engine/tokenizer.py
N59,query_engine/utils.py
N60,tests/test_query_document_adapters.py
N61,tests/test_query_error_bridge.py
N62,tests/test_sqlite_adapter.py
N63,tests/test_traceql_bridge_boundary.py
